Link Name,Center of Mass X,Center of Mass Y,Center of Mass Z,Center of Mass Roll,Center of Mass Pitch,Center of Mass Yaw,Mass,Moment Ixx,Moment Ixy,Moment Ixz,Moment Iyy,Moment Iyz,Moment Izz,Visual X,Visual Y,Visual Z,Visual Roll,Visual Pitch,Visual Yaw,Mesh Filename,Color Red,Color Green,Color Blue,Color Alpha,Collision X,Collision Y,Collision Z,Collision Roll,Collision Pitch,Collision Yaw,Collision Mesh Filename,Material Name,SW Components,Coordinate System,Axis Name,Joint Name,Joint Type,Joint Origin X,Joint Origin Y,Joint Origin Z,Joint Origin Roll,Joint Origin Pitch,Joint Origin Yaw,Parent,Joint Axis X,Joint Axis Y,Joint Axis Z,Limit Effort,Limit Velocity,Limit Lower,Limit Upper,Calibration rising,Calibration falling,Dynamics Damping,Dynamics Friction,Safety Soft Upper,Safety Soft Lower,Safety K Position,Safety K Velocity
chest,-1.32770039102744E-06,0.000264952576802708,0.0263455785567531,0,0,0,1.00632727289094,0.000711647332076361,-1.35110888423875E-07,-9.26200804479521E-09,0.000787833187386961,-6.46237132945818E-06,0.00104142086511815,0,0,0,0,0,0,package://master.SLDASM/meshes/chest.STL,1,1,1,1,0,0,0,0,0,0,package://master.SLDASM/meshes/chest.STL,,chest_upper-1;herkulex_0601-1;herkulex_0601-2;herkulex_0601-3;chest_middle-1;60a_breaker-1;herkulex_0201-1,Origin_global,,,,0,0,0,0,0,0,,0,0,0,,,,,,,,,,,,
neck,0.000463690787653748,0.00902012394205855,3.1038774717107E-08,0,0,0,0.00594063211107276,7.14031423861982E-07,-1.0019357816368E-08,3.26838990195874E-12,1.81302717415531E-06,-3.65212289735317E-13,2.04030832261222E-06,0,0,0,0,0,0,package://master.SLDASM/meshes/neck.STL,0.501960784313725,0.501960784313725,0.501960784313725,1,0,0,0,0,0,0,package://master.SLDASM/meshes/neck.STL,,neck-1,Origin_neckturn,Axis_neckturn,neckturn,continuous,0,-0.0453281774166154,0.0833000000000035,1.57079632679497,0,-3.14159265358979,chest,0,1,0,,,,,,,,,,,,
head,0.000575282707726062,0.0464752738351476,-0.0059974784952835,0,0,0,0.541447558934612,0.00105004440328834,-1.46393267556005E-09,4.20338333548513E-07,0.00206250671247608,-1.08983325220082E-05,0.0016621626233685,0,0,0,0,0,0,package://master.SLDASM/meshes/head.STL,0.752941176470588,0.752941176470588,0.752941176470588,1,0,0,0,0,0,0,package://master.SLDASM/meshes/head.STL,,head_assm-1,Origin_headnod,Axis_headnod,headnod,continuous,0,0.0199999999999965,0,-3.14159265358972,0,-3.14159265358979,neck,1,0,0,,,,,,,,,,,,
shoulder_left,0.0379678486295234,0.000769141892547509,-2.3921350680231E-06,0,0,0,0.186599858925645,5.1788769859594E-05,-3.61314738268737E-07,-2.69385070406835E-09,6.55209131392439E-05,2.51731242864885E-07,7.4889012129826E-05,0,0,0,0,0,0,package://master.SLDASM/meshes/shoulder_left.STL,0.498039215686275,0.498039215686275,0.498039215686275,1,0,0,0,0,0,0,package://master.SLDASM/meshes/shoulder_left.STL,,herkulex_0601-16;shoulder_spin_left-1;Gearbox_Assembly-3/24T_Carrier-1;Gearbox_Assembly-3/Planetary_Cap-1,Origin_shoulderspin_left,Axis_shoulderspin_left,shoulderspin_left,continuous,0.0895930270334383,-0.049988176702159,0.0336999979412967,3.14159265358979,0,0,chest,1,0,0,,,,,,,,,,,,
bicep_left,0.0702445744717522,-0.00493535473331107,0.0408818595994135,0,0,0,0.225660360811761,6.79526913664327E-05,2.38606908318749E-06,-2.04705020467628E-05,0.000124093030524157,1.36497275351099E-06,8.85078159866483E-05,0,0,0,0,0,0,package://master.SLDASM/meshes/bicep_left.STL,1,1,1,1,0,0,0,0,0,0,package://master.SLDASM/meshes/bicep_left.STL,,16-24RingArms-1;front_shoulder_left-1;back_shoulder_left-1;herkulex_0601-17,Origin_biceplift_left,Rotation Axis <herkulex_0601-16>,biceplift_left,continuous,0.0555069729665617,0,0,0,-1.04719755119659,-3.14159265358979,shoulder_left,0,1,0,,,,,,,,,,,,
forearm_left,-0.0116018774124073,0.000299738702708913,0.0422470684559473,0,0,0,0.122044769199831,2.03774107353512E-05,7.27688655940745E-08,1.08071532355928E-06,3.66920316612724E-05,-4.87769665840458E-07,2.60110395621534E-05,0,0,0,0,0,0,package://master.SLDASM/meshes/forearm_left.STL,1,1,1,1,0,0,0,0,0,0,package://master.SLDASM/meshes/forearm_left.STL,,outer_bicep_left-1;inner_bicep_left-1;herkulex_0201-7,Origin_elbow_left,Axis_elbow_left,elbow_left,continuous,0.0894604242109254,-0.00599999999998415,0.0516499999999964,-1.04719755119659,0,-1.5707963267949,bicep_left,0,1,0,,,,,,,,,,,,
wrist_left,-0.0335929920215776,-1.70693949338996E-06,-5.99015047686724E-05,0,0,0,0.0865850219831518,1.05400734755791E-05,-6.0986966241825E-10,2.78063364240151E-07,1.94215268634895E-05,7.78157666732539E-12,1.6986442186816E-05,0,0,0,0,0,0,package://master.SLDASM/meshes/wrist_left.STL,1,1,1,1,0,0,0,0,0,0,package://master.SLDASM/meshes/wrist_left.STL,,wrist_spin_left-1;herkulex_0201-6,Origin_wristspin_left,Axis_wristspin_left,wristspin_left,continuous,0,0,0.0626303651163351,1.5707963267949,1.5707963267949,0,forearm_left,1,0,0,,,,,,,,,,,,
hand_left,-0.00056637549143726,-0.0317565211530178,-0.000150157265082683,0,0,0,0.0191418505278656,5.58898394365592E-06,-2.67130618664632E-07,-9.35095775103642E-09,4.89993795806891E-06,-1.34555589392518E-08,7.22273954531742E-06,0,0,0,0,0,0,package://master.SLDASM/meshes/hand_left.STL,1,1,1,1,0,0,0,0,0,0,package://master.SLDASM/meshes/hand_left.STL,,Wrist v1-3,Origin_handcurl_left,Axis_handcurl_left,handcurl_left,continuous,-0.0479,0,-0.00039405,1.5708,1.5708,0,wrist_left,1,0,0,,,,,,,,,,,,
shoulder_right,0.0379680901896612,2.22684718995114E-06,-0.000769167485713963,0,0,0,0.186598114013894,5.17881121347345E-05,2.55946711252434E-09,3.61258827349477E-07,7.48884639184527E-05,2.521377586301E-07,6.5520457766022E-05,0,0,0,0,0,0,package://master.SLDASM/meshes/shoulder_right.STL,1,1,1,1,0,0,0,0,0,0,package://master.SLDASM/meshes/shoulder_right.STL,,shoulder_spin_right-1;herkulex_0601-14;Gearbox_Assembly-4/24T_Carrier-1;Gearbox_Assembly-4/Planetary_Cap-1,Origin_shoulderspin_right,Axis_shoulderspin_right,shoulderspin_right,continuous,-0.0895930270334385,-0.049988176702158,0.0336999979412964,1.5707963267949,0,3.14159265358979,chest,1,0,0,,,,,,,,,,,,
bicep_right,0.0705270203826781,-0.0049353204920799,0.0403926583599051,0,0,0,0.225660394659947,6.56410845898622E-05,2.37507236544953E-06,-1.91358692093229E-05,0.000124093055129362,1.38405645655653E-06,9.08195336787968E-05,0,0,0,0,0,0,package://master.SLDASM/meshes/bicep_right.STL,1,1,1,1,0,0,0,0,0,0,package://master.SLDASM/meshes/bicep_right.STL,,16-24RingArms-2;front_shoulder_right-1;back_shoulder_right-1;herkulex_0601-15,Origin_biceplift_right,Rotation Axis <herkulex_0601-14>,biceplift_right,continuous,0.0555069729665654,0,0,1.57079632679489,0,-1.04719755119659,shoulder_right,0,1,0,,,,,,,,,,,,
forearm_right,-0.0116017214757172,-0.000299520444118934,0.0420807012059297,0,0,0,0.122045401496896,2.03773004817873E-05,-7.28689132198169E-08,1.08074486723815E-06,3.66920538867006E-05,4.87849119269963E-07,2.60111326170049E-05,0,0,0,0,0,0,package://master.SLDASM/meshes/forearm_right.STL,1,1,1,1,0,0,0,0,0,0,package://master.SLDASM/meshes/forearm_right.STL,,outer_bicep_right-1;inner_bicep_right-1;herkulex_0201-4,Origin_elbow_right,Axis_elbow_right,elbow_right,continuous,0.0894604242109322,-0.00599999999996398,0.0516500000000004,-1.04719755119659,0,-1.5707963267949,bicep_right,0,1,0,,,,,,,,,,,,
wrist_right,-0.0335929846480949,-1.69205013178519E-06,5.99037122910595E-05,0,0,0,0.0865849876151261,1.0540066195512E-05,-5.65460635254478E-10,-2.78066506713603E-07,1.94215145621138E-05,-2.36820587175084E-12,1.69864271054843E-05,0,0,0,0,0,0,package://master.SLDASM/meshes/wrist_right.STL,1,1,1,1,0,0,0,0,0,0,package://master.SLDASM/meshes/wrist_right.STL,,wrist_spin_right-1;herkulex_0201-5,Origin_wristspin_right,Axis_wristspin_right,wristspin_right,continuous,0,0,0.0623798575458761,1.5707963267949,1.5707963267949,0,forearm_right,1,0,0,,,,,,,,,,,,
hand_right,0.000566375491425908,-0.0317565211530169,0.000150157265134239,0,0,0,0.0191418505278657,5.58898394365592E-06,2.67130618664635E-07,-9.35095775103886E-09,4.89993795806891E-06,1.34555589392561E-08,7.22273954531743E-06,0,0,0,0,0,0,package://master.SLDASM/meshes/hand_right.STL,1,1,1,1,0,0,0,0,0,0,package://master.SLDASM/meshes/hand_right.STL,,Wrist v1-2,Origin_handcurl_right,Axis_handcurl_right,handcurl_right,continuous,-0.0479,0,0.00039405,1.5708,1.5708,0,wrist_right,-1,0,0,,,,,,,,,,,,
waist,-6.84664917303195E-09,-0.0234755654082112,-0.0260497781602062,0,0,0,0.0611616978964575,0.000114716124597956,1.24613203701248E-10,4.01638528250952E-11,0.000110282048895599,-6.66891123490581E-06,4.69041193743392E-05,0,0,0,0,0,0,package://master.SLDASM/meshes/waist.STL,1,1,1,1,0,0,0,0,0,0,package://master.SLDASM/meshes/waist.STL,,chest_rotate-1,Origin_chestturn,Axis_chestturn,chestturn,continuous,0,-0.0499881767021596,-0.0948999999999957,1.5707963267949,0,0,chest,0,1,0,,,,,,,,,,,,
abdominals,-0.0163421898728026,0.0256590431713514,0.000189329401436169,0,0,0,0.354834224358385,0.000118854118129351,2.86474916812523E-06,-1.37080777633045E-06,0.000137814130606241,1.81253017023823E-08,0.000154972221928992,0,0,0,0,0,0,package://master.SLDASM/meshes/abdominals.STL,0.498039215686275,0.498039215686275,0.498039215686275,1,0,0,0,0,0,0,package://master.SLDASM/meshes/abdominals.STL,,herkulex_0601-4;chest_lower-1;herkulex_0601-5;5972K242_Ball Bearing-1,Origin_waistlean,Axis_waistlean,waistlean,continuous,0,-0.0689900000000004,0,-1.57079628179123,0,-1.57079637971789,waist,0,1,0,,,,,,,,,,,,
pelvis,0.0733083661595076,0.000220890387705118,-0.0116372760325779,0,0,0,0.352161024254449,0.000110135160555052,1.78395572239663E-06,-4.405173704338E-07,0.000157929427041692,-3.90556581778563E-07,0.000140664800842947,0,0,0,0,0,0,package://master.SLDASM/meshes/pelvis.STL,1,1,1,1,0,0,0,0,0,0,package://master.SLDASM/meshes/pelvis.STL,,Pelvis Connector-1;herkulex_0601-6;herkulex_0601-7,Origin_abdominalcrunch,Rotation Axis <herkulex_0601-5>,abdominalcrunch,continuous,0,0.00390000028090912,0,1.57079628179123,0,0,abdominals,0,-0.999999999999999,0,,,,,,,,,,,,
hip_left,-0.0159417177369612,-0.0507406141366299,-0.000107116372169647,0,0,0,0.178323487434145,7.48278355685004E-05,-4.30291834647598E-06,2.15197682086527E-06,8.36514371858031E-05,1.34592500330696E-06,5.32447108136899E-05,0,0,0,0,0,0,package://master.SLDASM/meshes/hip_left.STL,1,1,1,1,0,0,0,0,0,0,package://master.SLDASM/meshes/hip_left.STL,,MirrorThigh Lift-1;herkulex_0601-9,Origin_hiplift_left,Axis_hiplift_left,hiplift_left,fixed,0.0922000000000364,0.0216504605153932,-0.0122499987463194,-3.14159260865937,0,0,pelvis,0,0,0,,,,,,,,,,,,
hipconnector_left,0.000393527705265309,0.00115230679964162,-0.014512178355163,0,0,0,0.1695980726338,5.7610039305261E-05,-1.35494107124365E-10,-1.3654179542189E-06,7.23850945914349E-05,-2.4645117846429E-07,4.31561501880495E-05,0,0,0,0,0,0,package://master.SLDASM/meshes/hipconnector_left.STL,1,1,1,1,0,0,0,0,0,0,package://master.SLDASM/meshes/hipconnector_left.STL,,Thigh Spin-2;herkulex_0601-11,Origin_hiprotate_left,Axis_hiprotate_left,hiprotate_left,continuous,0.0338,-0.052956,-0.014741,3.1416,0,-1.5708,hip_left,0,1,0,,,,,,,,,,,,
thigh_left,-0.0166767132553249,-0.146730219054751,-7.18643709818334E-08,0,0,0,0.212617518603419,0.000175748175959339,-1.57242458457863E-05,-2.85741445069308E-10,7.5130759776731E-05,-7.18329162343996E-10,0.000204103008166572,0,0,0,0,0,0,package://master.SLDASM/meshes/thigh_left.STL,1,1,1,1,0,0,0,0,0,0,package://master.SLDASM/meshes/thigh_left.STL,,thigh_right-1;herkulex_0601-13;Gearbox_Assembly-2/Planetary_Cap-1;Gearbox_Assembly-2/24T_Carrier-1,Origin_thighlift_left,Rotation Axis <herkulex_0601-11>,thighlift_left,continuous,0,0,0,0,0,0,hipconnector_left,-1,0,0,,,,,,,,,,,,
shin_left,-0.019194775351265,-0.107044109752253,5.64011590085262E-05,0,0,0,0.469932476902011,0.00124519117597882,-3.91808718091662E-06,1.13537637736343E-07,0.000136269319417876,2.099739228302E-06,0.00118930306548207,0,0,0,0,0,0,package://master.SLDASM/meshes/shin_left.STL,0.843137254901961,0.815686274509804,0.752941176470588,1,0,0,0,0,0,0,package://master.SLDASM/meshes/shin_left.STL,,HRB_11.1v_battery_cell-1;calf_left-1;16-24Ring-2,Origin_knee_left,Axis_knee_left,knee_left,continuous,0,-0.182000000000035,0,0,0,0,thigh_left,1,0,0,,,,,,,,,,,,
foot_left,0.0208969633006623,-0.0196688860885929,0.00752209136654117,0,0,0,0.135518053805943,0.000108745527435663,3.79857666285752E-07,-5.02759479741274E-06,0.000103620777094137,2.00087406250536E-06,3.74862718174858E-05,0,0,0,0,0,0,package://master.SLDASM/meshes/foot_left.STL,0.498039215686275,0.498039215686275,0.498039215686275,1,0,0,0,0,0,0,package://master.SLDASM/meshes/foot_left.STL,,herkulex_0201-3;foot_left-1;rubber_sole-2,Origin_ankle_left,Axis_ankle_left,ankle_left,continuous,0,-0.208999999999965,0,0,0,-1.5707963267949,shin_left,0,1,0,,,,,,,,,,,,
hip_right,-0.0159417912093338,-0.0507404512383172,-0.0121426348945927,0,0,0,0.178325355984732,7.48309288476684E-05,-4.30389427714894E-06,-2.1516926824623E-06,8.36532004976588E-05,-1.34572074607582E-06,5.32477711082136E-05,0,0,0,0,0,0,package://master.SLDASM/meshes/hip_right.STL,1,1,1,1,0,0,0,0,0,0,package://master.SLDASM/meshes/hip_right.STL,,Thigh Lift-1;herkulex_0601-8,Origin_hiplift_right,Axis_hiplift_right,hiplift_right,continuous,0.0922000000000004,-0.021550001743436,0,0,0,0,pelvis,0,0,0.999999999999999,,,,,,,,,,,,
hipconnector_right,-0.0254977463301188,0.000393617453224845,-0.0145121822219656,0,0,0,0.169598069348909,7.23850924250813E-05,1.30224363448488E-10,-2.46481818804222E-07,5.76100355788559E-05,-1.36479781451893E-06,4.31561501134354E-05,0,0,0,0,0,0,package://master.SLDASM/meshes/hipconnector_right.STL,1,1,1,1,0,0,0,0,0,0,package://master.SLDASM/meshes/hipconnector_right.STL,,Thigh Spin-1;herkulex_0601-10,Origin_hiprotate_right,Axis_hiprotate_right,hiprotate_right,continuous,0.00715,-0.052956,0.0024915,0,0,3.1416,hip_right,1,0,0,,,,,,,,,,,,
thigh_right,0.0166772397595813,-0.146730065060199,6.39957820000592E-08,0,0,0,0.212620577287322,0.000175734736472108,1.57307496858469E-05,-1.70013743957568E-10,7.51349724444942E-05,2.32913700849874E-11,0.000204093341937019,0,0,0,0,0,0,package://master.SLDASM/meshes/thigh_right.STL,1,1,1,1,0,0,0,0,0,0,package://master.SLDASM/meshes/thigh_right.STL,,thigh_left-1;herkulex_0601-12;Gearbox_Assembly-1/Planetary_Cap-1;Gearbox_Assembly-1/24T_Carrier-1,Origin_thighlift_right,Axis_thighlift_right,thighlift_right,continuous,-0.0266500000000009,0,0,0,0,-1.57079632679489,hipconnector_right,1,0,0,,,,,,,,,,,,
shin_right,0.0819643844023801,0.0191947777324644,0.0688498959055616,0,0,0,0.469931842427923,0.000573424217573208,-2.9276136871252E-06,-0.000518881089665877,0.00124518766166481,-2.60512613502514E-06,0.000752144099069234,0,0,0,0,0,0,package://master.SLDASM/meshes/shin_right.STL,1,1,1,1,0,0,0,0,0,0,package://master.SLDASM/meshes/shin_right.STL,,16-24Ring-1;HRB_11.1v_battery_cell-2;calf_right-1,Origin_knee_right,Axis_knee_right,knee_right,continuous,0,-0.182,0,0,0.698131851508002,-1.5707963267949,thigh_right,0,1,0,,,,,,,,,,,,
foot_right,0.0209754598660348,-0.019667557895134,-0.00752275041253534,0,0,0,0.135492976854169,0.000108739190925758,3.79246308777175E-07,5.02478016947829E-06,0.000103619909542411,-2.00171852524775E-06,3.74883581533762E-05,0,0,0,0,0,0,package://master.SLDASM/meshes/foot_right.STL,0.498039215686275,0.498039215686275,0.498039215686275,1,0,0,0,0,0,0,package://master.SLDASM/meshes/foot_right.STL,,herkulex_0201-2;foot_right-1;rubber_sole-1,Origin_ankle_right,Axis_ankle_right,ankle_right,continuous,0.160103288611867,0,0.134342610424486,3.14159265358979,-0.698131851508002,0,shin_right,0,1,0,,,,,,,,,,,,
